"Nome servizio","Prezzo al dettaglio","Durata","Tempo supplementare","Imposta","Descrizione","Nome della categoria","Tipo di trattamento","Risorsa","Prenotazione online","Disponibile per","Vendita di buoni","Commissioni","Identificativo servizio","SKU"
"Allungamento Gel + Manicure","80.00","1h 30m","","Default per location","","GEL","Manicure","Non obbligatorio","Abilitati","Tutti","Abilitati","Abilitati","20614701",""
"Copertura Gel Unghia Naturale + Manicure","70.00","1h 30m","","Default per location","","GEL","Gel unghie","Non obbligatorio","Abilitati","Tutti","Abilitati","Abilitati","20614711",""
"Refil Gel","50.00","1h","","Default per location","","GEL","Gel unghie","Non obbligatorio","Abilitati","Tutti","Abilitati","Abilitati","20614725",""
"Ricostruzione 1 Unghia","10.00","20m","","Default per location","","GEL","Manicure","Non obbligatorio","Abilitati","Tutti","Abilitati","Abilitati","20614743",""
"Rimozione Totale Gel","15.00","20m","","Default per location","","GEL","Gel unghie","Non obbligatorio","Abilitati","Tutti","Abilitati","Abilitati","20614751",""
"Cera Gamba Intera + Inguine totale + Addome","44.00","1h","","Default per location","","DEPILAZIONE","Ceretta gambe","Non obbligatorio","Abilitati","Tutti","Abilitati","Abilitati","15337561",""
"Sopracciglia + Orecchie Uomo","11.00","15m","","Default per location","","DEPILAZIONE","Ceretta sopracciglia","Non obbligatorio","Abilitati","Tutti","Abilitati","Abilitati","13066094",""
"Ascelle Uomo","12.00","5m","","Default per location","","DEPILAZIONE","Ceretta ascelle","Non obbligatorio","Abilitati","Tutti","Abilitati","Abilitati","13066092",""
"Glutei Uomo","22.00","15m","","Default per location","","DEPILAZIONE","Ceretta araba","Non obbligatorio","Abilitati","Tutti","Abilitati","Abilitati","13066089",""
"Schiena/Petto","27.00","30m","","Default per location","","DEPILAZIONE","Ceretta corpo completa","Non obbligatorio","Abilitati","Solo uomini","Abilitati","Abilitati","13065896",""
"Braccia Uomo","22.00","20m","","Default per location","","DEPILAZIONE","Ceretta braccia","Non obbligatorio","Abilitati","Solo uomini","Abilitati","Abilitati","13065871",""
"Gambe Totali Uomo","30.00","40m","","Default per location","","DEPILAZIONE","Ceretta gambe","Non obbligatorio","Abilitati","Solo uomini","Abilitati","Abilitati","13065853",""
"Cosce e Inguine totale","32.00","30m","","Default per location","","DEPILAZIONE","Ceretta gambe","Non obbligatorio","Abilitati","Tutti","Abilitati","Abilitati","11368310",""
"Cosce e Inguine ","26.00","30m","","Default per location","","DEPILAZIONE","Ceretta inguine","Non obbligatorio","Abilitati","Tutti","Abilitati","Abilitati","11368177",""
"Cosce","22.00","15m","","Default per location","","DEPILAZIONE","Extension capelli","Non obbligatorio","Abilitati","Tutti","Abilitati","Abilitati","11368068",""
"Glutei","19.00","10m","10m fascia oraria bloccata dopo","Default per location","","DEPILAZIONE","Ceretta araba","Non obbligatorio","Abilitati","Tutti","Abilitati","Abilitati","8517110",""
"Gamba Intera + Inguine Totale","34.00","40m","10m fascia oraria bloccata dopo","Default per location","","DEPILAZIONE","Ceretta gambe","Non obbligatorio","Abilitati","Tutti","Abilitati","Abilitati","4595545",""
"Gamba Intera + Inguine","30.00","30m","10m fascia oraria bloccata dopo","Default per location","","DEPILAZIONE","Ceretta gambe","Non obbligatorio","Abilitati","Tutti","Abilitati","Abilitati","4595549",""
"Gambe totali","24.00","30m","10m fascia oraria bloccata dopo","Default per location","","DEPILAZIONE","Ceretta gambe","Non obbligatorio","Abilitati","Tutti","Abilitati","Abilitati","4595540",""
"Mezza Gamba","19.00","15m","10m fascia oraria bloccata dopo","Default per location","","DEPILAZIONE","Ceretta gambe","Non obbligatorio","Abilitati","Tutti","Abilitati","Abilitati","4595535",""
"Mezza Gamba + Inguine Totale","29.00","35m","10m fascia oraria bloccata dopo","Default per location","","DEPILAZIONE","Ceretta gambe","Non obbligatorio","Abilitati","Tutti","Abilitati","Abilitati","4595533",""
"Mezza Gamba + Inguine","24.00","30m","10m fascia oraria bloccata dopo","Default per location","","DEPILAZIONE","Ceretta gambe","Non obbligatorio","Abilitati","Tutti","Abilitati","Abilitati","4595532",""
"Inguine Totale","19.00","15m","","Default per location","","DEPILAZIONE","Ceretta inguine","Non obbligatorio","Abilitati","Tutti","Abilitati","Abilitati","4595531",""
"Inguine","14.00","15m","","Default per location","","DEPILAZIONE","Extension capelli","Non obbligatorio","Abilitati","Tutti","Abilitati","Abilitati","4595529",""
"Ascelle","12.00","5m","10m fascia oraria bloccata dopo","Default per location","","DEPILAZIONE","Ceretta ascelle","Non obbligatorio","Abilitati","Tutti","Abilitati","Abilitati","4595527",""
"Braccia","20.00","10m","10m fascia oraria bloccata dopo","Default per location","","DEPILAZIONE","Ceretta braccia","Non obbligatorio","Abilitati","Tutti","Abilitati","Abilitati","4595524",""
"Schiena","27.00","20m","10m fascia oraria bloccata dopo","Default per location","","DEPILAZIONE","Ceretta schiena","Non obbligatorio","Abilitati","Tutti","Abilitati","Abilitati","4595523",""
"Baffetti + Sopracciglia","18.00","15m","10m fascia oraria bloccata dopo","Default per location","","DEPILAZIONE","Depilazione con filo","Non obbligatorio","Abilitati","Tutti","Abilitati","Abilitati","4595518",""
"Baffetti - donna","8.00","5m","10m fascia oraria bloccata dopo","Default per location","","DEPILAZIONE","Capelli Afro","Non obbligatorio","Abilitati","Tutti","Abilitati","Abilitati","8517106",""
"Sopracciglia - donna","10.00","10m","10m fascia oraria bloccata dopo","Default per location","","DEPILAZIONE","Depilazione con filo","Non obbligatorio","Abilitati","Tutti","Abilitati","Abilitati","8517109",""
"Sopracciglia - uomo","10.00","10m","10m fascia oraria bloccata dopo","Default per location","","DEPILAZIONE","Depilazione con filo","Non obbligatorio","Abilitati","Tutti","Abilitati","Abilitati","8517109",""
"Massaggio Sensoriale viso spa","20.00","20m","","Default per location","","SPA","Trattamento viso","Non obbligatorio","Abilitati","Tutti","Abilitati","Abilitati","9746311",""
"Trattamento Spa Corpo","65.00","50m","","Default per location","TRATTAMENTO NUTRIENTE/MODELLANTE AL BURRO CALDO CON GRANULI DI NOCCIOLA","SPA","Massaggio in spa","Non obbligatorio","Abilitati","Tutti","Abilitati","Abilitati","9523384",""
"Trattamento Spa vegano biologico viso","65.00","1h","","Default per location","Trattamento totalmente naturale, arricchito di potenti attivi che vengono direttamente dalla terra e dal mare.
Abbinati con un massaggio facciale liftante, ridona idratazione e luminosità alla pelle oltre che ad uno stato di benessere generale.","SPA","Trattamento viso in spa","Non obbligatorio","Abilitati","Tutti","Abilitati","Abilitati","9468989",""
"Cosce","145.00","40m","","Default per location","","EPILAZIONE LASER","Epilazione laser","Non obbligatorio","Abilitati","Tutti","Abilitati","Abilitati","19411434",""
"Gambe Totali","252.00","35m","10m fascia oraria bloccata dopo","Default per location","","EPILAZIONE LASER","Epilazione laser","Non obbligatorio","Abilitati","Tutti","Abilitati","Abilitati","4595484",""
"Braccia","82.00","15m","10m fascia oraria bloccata dopo","Default per location","","EPILAZIONE LASER","Epilazione laser","Non obbligatorio","Abilitati","Tutti","Abilitati","Abilitati","4595476",""
"Mezza Gamba","127.00","20m","10m fascia oraria bloccata dopo","Default per location","","EPILAZIONE LASER","Epilazione laser","Non obbligatorio","Abilitati","Tutti","Abilitati","Abilitati","4595483",""
"Inguine","72.00","15m","10m fascia oraria bloccata dopo","Default per location","","EPILAZIONE LASER","Epilazione laser","Non obbligatorio","Abilitati","Tutti","Abilitati","Abilitati","4595475",""
"Mani","22.00","5m","10m fascia oraria bloccata dopo","Default per location","","EPILAZIONE LASER","Manicure","Non obbligatorio","Abilitati","Tutti","Abilitati","Abilitati","4595470",""
"Piedi","22.00","5m","10m fascia oraria bloccata dopo","Default per location","","EPILAZIONE LASER","Epilazione laser","Non obbligatorio","Abilitati","Tutti","Abilitati","Abilitati","4595472",""
"Petto Totale","120.00","30m","10m fascia oraria bloccata dopo","Default per location","","EPILAZIONE LASER","Epilazione laser","Non obbligatorio","Abilitati","Tutti","Abilitati","Abilitati","4595502",""
"Schiena Totale","120.00","20m","10m fascia oraria bloccata dopo","Default per location","","EPILAZIONE LASER","Epilazione laser","Non obbligatorio","Abilitati","Tutti","Abilitati","Abilitati","4595503",""
"Schiena Superiore","60.00","15m","10m fascia oraria bloccata dopo","Default per location","","EPILAZIONE LASER","Epilazione laser","Non obbligatorio","Abilitati","Tutti","Abilitati","Abilitati","4595499",""
"Viso Totale","52.00","15m","10m fascia oraria bloccata dopo","Default per location","","EPILAZIONE LASER","Epilazione laser","Non obbligatorio","Abilitati","Tutti","Abilitati","Abilitati","4595468",""
"Basette","22.00","10m","10m fascia oraria bloccata dopo","Default per location","","EPILAZIONE LASER","Epilazione laser","Non obbligatorio","Abilitati","Tutti","Abilitati","Abilitati","4595462",""
"Mento","22.00","10m","10m fascia oraria bloccata dopo","Default per location","","EPILAZIONE LASER","Epilazione laser","Non obbligatorio","Abilitati","Tutti","Abilitati","Abilitati","4591567",""
"Ascelle","62.00","10m","5m fascia oraria bloccata dopo","Default per location","","EPILAZIONE LASER","Epilazione laser","Non obbligatorio","Abilitati","Tutti","Abilitati","Abilitati","4595473",""
"Baffetti","22.00","10m","10m fascia oraria bloccata dopo","Default per location","","EPILAZIONE LASER","Epilazione laser","Non obbligatorio","Abilitati","Tutti","Abilitati","Abilitati","4591562",""
"Consulenza Beauty - Free","0.00","15m","10m fascia oraria bloccata dopo","Default per location","","CONSULENZA BEAUTY","Trattamento per capelli","Non obbligatorio","Abilitati","Tutti","Abilitati","Abilitati","8517270",""
"Piega Corta","18.00","45m","","Default per location","","STYLING","Acconciatura capelli","Non obbligatorio","Abilitati","Tutti","Abilitati","Abilitati","8517297",""
"Piega Media","20.00","1h","","Default per location","","STYLING","Piega","Non obbligatorio","Abilitati","Tutti","Abilitati","Abilitati","12416518",""
"Piega Lunga","23.00","1h","","Default per location","","STYLING","Piega","Non obbligatorio","Abilitati","Tutti","Abilitati","Abilitati","12416525",""
"Piega Lunga Extension","30.00","1h 45m","","Default per location","","STYLING","Acconciatura capelli","Non obbligatorio","Abilitati","Tutti","Abilitati","Abilitati","20308770",""
"Prova Acconciatura Sposa","30.00","1h","","Default per location","","STYLING","Piega","Non obbligatorio","Abilitati","Tutti","Abilitati","Abilitati","19803660",""
"Acconciatura Sposa","60.00","1h","","Default per location","","STYLING","Acconciatura da sposa","Non obbligatorio","Abilitati","Tutti","Abilitati","Abilitati","19803639",""
"Acconciatura Evento","30.00","1h","","Default per location","","STYLING","Piega","Non obbligatorio","Abilitati","Tutti","Abilitati","Abilitati","19803628",""
"Riflessante + piega  - From","48.00","1h 40m","","Dovuta per servizi","Colorazione semi-permanente che varia in base alla nuance di colore scelto.
E' una colorazione per capelli senza ossidazione che da modo di colorare, intensificare i riflessi, senza però ""sfruttare"" i capelli come le colorazioni tradizionali. 
Garantisce una buona copertura sui primi capelli bianchi.","COLORE","Dovuta per servizi","","Abilitati","Tutti","Disabilitato","","",""
"Riflessante + taglio + piega - From","72.00","1h 55m","","Dovuta per servizi","","COLORE","Dovuta per servizi","","Abilitati","Tutti","Disabilitato","","",""
"Colore + piega - From","48.00","1h 50m","","Dovuta per servizi","Colorazione permanente che varia in base alla nuance di colore scelto.
Copertura 100% sui capelli bianchi.","COLORE","Dovuta per servizi","","Abilitati","Tutti","Disabilitato","","",""
"Colore + taglio + piega - From","72.00","2h 5m","","Dovuta per servizi","","COLORE","Dovuta per servizi","","Abilitati","Tutti","Disabilitato","","",""
"Colore + schiariture + piega  - From","98.00","2h 10m","","Dovuta per servizi","Durante il processo di colorazione vengono realizzate delle sfumature sulla lunghezza dei capelli per creare un effetto naturale di schiaritura.","COLORE","Dovuta per servizi","","Disabilitato","","Disabilitato","","",""
"Colore + schiariture + taglio + piega  - From","122.00","2h 25m","","Dovuta per servizi","","COLORE","Dovuta per servizi","","Disabilitato","","Disabilitato","","",""
"Colpi di sole + piega  - From","83.00","2h 45m","","Dovuta per servizi","","COLORE","Dovuta per servizi","","Abilitati","Tutti","Disabilitato","","",""
"Colpi di sole + taglio + piega  - From","107.00","3h","","Dovuta per servizi","","COLORE","Dovuta per servizi","","Abilitati","Tutti","Disabilitato","","",""
"Colpi di sole parziali + piega  - From","53.00","2h","","Dovuta per servizi","","COLORE","Dovuta per servizi","","Disabilitato","","Disabilitato","","",""
"Colpi di sole parziali + taglio + piega  - From","77.00","2h 15m","","Dovuta per servizi","","COLORE","Dovuta per servizi","","Disabilitato","","Disabilitato","","",""
"Shatush + piega  - From","83.00","2h 45m","","Dovuta per servizi","Tecnica di schiaritura realizzata a mano libera o in cartina, personalizzata per ogni cliente.
Prevede un effetto graduale non troppo definito, applicato esclusivamente su lunghezza e punte.","COLORE","Dovuta per servizi","","Abilitati","Tutti","Disabilitato","","",""
"Shatush + taglio + piega  - From","107.00","3h","","Dovuta per servizi","","COLORE","Dovuta per servizi","","Abilitati","Tutti","Disabilitato","","",""
"Taglio + piega - From","42.00","1h","","Default per location","","TAGLIO","Taglio capelli donna","Non obbligatorio","Abilitati","Tutti","Abilitati","Abilitati","8548583",""
"Taglio uomo ","22.00","30m","","Default per location","","TAGLIO","Taglio capelli uomo","Non obbligatorio","Abilitati","Tutti","Abilitati","Abilitati","8548586",""
"Tonalizzante + taglio + piega  - From","52.00","1h 40m","","Dovuta per servizi","","TAGLIO","Dovuta per servizi","","Abilitati","Tutti","Disabilitato","","",""
"Taglio bimba + piega - From","30.00","1h","","Default per location","","TAGLIO","Taglio di capelli per bambini","Non obbligatorio","Abilitati","Tutti","Abilitati","Abilitati","9749546",""
"Taglio Bimbo","15.00","30m","","Default per location","","TAGLIO","Taglio di capelli per bambini","Non obbligatorio","Abilitati","Tutti","Abilitati","Abilitati","8548598",""
"Taglio Frangia","5.00","5m","","Default per location","","TAGLIO","Taglio capelli donna","Non obbligatorio","Abilitati","Tutti","Abilitati","Abilitati","19803737",""
"Stiratura alla cheratina + piega - From","23.00","2h","","Dovuta per servizi","Prezzo al grammo, che varia in base alla quantità di prodotto utilizzato.
(Previa consulenza)","TRATTAMENTO FORMA","Dovuta per servizi","","Disabilitato","","Disabilitato","","",""
"Stiratura alla cheratina + taglio + piega - From","47.00","2h 15m","","Dovuta per servizi","Prezzo al grammo, che varia in base alla quantità di prodotto utilizzato.
(Previa consulenza)","TRATTAMENTO FORMA","Dovuta per servizi","","Disabilitato","","Disabilitato","","",""
"Trattamento anticrespo + piega  - From","21.00","1h 50m","","Dovuta per servizi","Prezzo al grammo, che varia in base alla quantità di prodotto utilizzato.
(Previa consulenza)","TRATTAMENTO FORMA","Dovuta per servizi","","Disabilitato","","Disabilitato","","",""
"Trattamento anticrespo + taglio + piega  - From","45.00","2h 5m","","Dovuta per servizi","Prezzo al grammo, che varia in base alla quantità di prodotto utilizzato.
(Previa consulenza)","TRATTAMENTO FORMA","Dovuta per servizi","","Disabilitato","","Disabilitato","","",""
"Permanente + piega ","63.00","2h","","Dovuta per servizi","","TRATTAMENTO FORMA","Dovuta per servizi","","Disabilitato","","Disabilitato","","",""
"Permanente + taglio + piega  - From","87.00","2h 15m","","Dovuta per servizi","","TRATTAMENTO FORMA","Dovuta per servizi","","Disabilitato","","Disabilitato","","",""
"Taglio  - From","24.00","1h","","Default per location","","NON PRENOTABILI ONLINE","Taglio capelli donna","Non obbligatorio","Abilitati","Tutti","Abilitati","Abilitati","19803868",""
"Taglio + piega  - From","60.00","1h 25m","","Dovuta per servizi","","NON PRENOTABILI ONLINE","Dovuta per servizi","","Abilitati","Tutti","Disabilitato","","",""
"Colorazione vegetale (Hennè) + piega ","48.00","1h 40m","","Dovuta per servizi","Colorazione in polvere vegetale.
Copertura capelli bianchi fino al 50%.
Profumazione delicata alle erbe aromatiche dalle note di terra/thè e muschio.
Durata 12/16 lavaggi.
","NON PRENOTABILI ONLINE","Dovuta per servizi","","Abilitati","Tutti","Disabilitato","","",""
"Ritocco colore + piega ","33.00","2h","","Dovuta per servizi","Colorazione veloce tra una tinta e l'altra.
Adatto per mascherare poca ricrescita su corona e nuca.","NON PRENOTABILI ONLINE","Dovuta per servizi","","Abilitati","Tutti","Disabilitato","","",""
"Riflessante - From","30.00","30m","25m tempo di attesa dopo il trattamento","Default per location","","NON PRENOTABILI ONLINE","Servizi di colore capelli","Non obbligatorio","Disabilitato","","Abilitati","Abilitati","8548013",""
"Ritocco colore + taglio + piega  - From","57.00","2h 30m","","Dovuta per servizi","","NON PRENOTABILI ONLINE","Dovuta per servizi","","Abilitati","Tutti","Disabilitato","","",""
"Colorazione vegetale (Hennè) + taglio + piega  - From","72.00","2h 10m","","Dovuta per servizi","","NON PRENOTABILI ONLINE","Dovuta per servizi","","Abilitati","Tutti","Disabilitato","","",""
"Tonalizzante + piega - From","28.00","1h 10m","","Dovuta per servizi","Il tonalizzante è un gloss lucidante che ravviva il colore di schiariture già esistenti o colorazioni sbiadite per tutta la loro lunghezza.","NON PRENOTABILI ONLINE","Dovuta per servizi","","Abilitati","Tutti","Disabilitato","","",""
"Decolorazione + tonalizzante + piega  - From","78.00","2h 20m","","Dovuta per servizi","","NON PRENOTABILI ONLINE","Dovuta per servizi","","Disabilitato","","Disabilitato","","",""
"Colore  - From","30.00","30m","35m tempo di attesa dopo il trattamento","Default per location","","NON PRENOTABILI ONLINE","Servizi di colore capelli","Non obbligatorio","Disabilitato","","Abilitati","Abilitati","8547370",""
"Colore + schiariture - From","80.00","45m","40m tempo di attesa dopo il trattamento","Default per location","","NON PRENOTABILI ONLINE","Servizi di colore capelli","Non obbligatorio","Disabilitato","","Abilitati","Abilitati","8548248",""
"Colpi di sole - From","65.00","1h 30m","30m tempo di attesa dopo il trattamento","Default per location","","NON PRENOTABILI ONLINE","Servizi di colore capelli","Non obbligatorio","Disabilitato","","Abilitati","Abilitati","8547524",""
"Colpi di sole parziali - From","35.00","45m","30m tempo di attesa dopo il trattamento","Default per location","","NON PRENOTABILI ONLINE","Servizi di colore capelli","Non obbligatorio","Disabilitato","","Abilitati","Abilitati","8548257",""
"Shatush - From","65.00","1h 30m","30m tempo di attesa dopo il trattamento","Default per location","","NON PRENOTABILI ONLINE","TUG Breast Reconstruction","Non obbligatorio","Disabilitato","","Abilitati","Abilitati","8548297",""
"Decolorazione  - From","50.00","20m","50m tempo di attesa dopo il trattamento","Default per location","","NON PRENOTABILI ONLINE","Servizi di colore capelli","Non obbligatorio","Disabilitato","","Abilitati","Abilitati","8548322",""
"Tonalizzante  - From","10.00","10m","15m tempo di attesa dopo il trattamento","Default per location","","NON PRENOTABILI ONLINE","Servizi di colore capelli","Non obbligatorio","Disabilitato","","Abilitati","Abilitati","8548336",""
"Stiratura alla cheratina  - From","5.00","30m","45m tempo di attesa dopo il trattamento","Default per location","","NON PRENOTABILI ONLINE","Trattamento alla cheratina","Non obbligatorio","Disabilitato","","Abilitati","Abilitati","8550552",""
"Trattamento anticrespo - From","3.00","30m","35m tempo di attesa dopo il trattamento","Default per location","","NON PRENOTABILI ONLINE","Trattamento per capelli","Non obbligatorio","Disabilitato","","Abilitati","Abilitati","8550567",""
"Permanente ","45.00","55m","20m tempo di attesa dopo il trattamento","Default per location","","NON PRENOTABILI ONLINE","Servizi di colore capelli","Non obbligatorio","Disabilitato","","Abilitati","Abilitati","8550582",""
"Laminazione + Colorazione + Botox","75.00","45m","","Default per location","","CIGLIA/SOPRACCIGLIA","Lifting ciglia","Non obbligatorio","Abilitati","Tutti","Abilitati","Abilitati","11813950",""
"Colorazione + Sopracciglia","22.00","15m","","Default per location","","CIGLIA/SOPRACCIGLIA","Tinta sopracciglia","Non obbligatorio","Abilitati","Tutti","Abilitati","Abilitati","9523117",""
"Microblading sopracciglia o labbra","300.00","2h","10m fascia oraria bloccata dopo","Default per location","","CIGLIA/SOPRACCIGLIA","Stiratura permanente dei capelli","Non obbligatorio","Disabilitato","","Abilitati","Abilitati","4595688",""
"Laminazione Ciglia + Colorazione","60.00","45m","10m fascia oraria bloccata dopo","Default per location","","CIGLIA/SOPRACCIGLIA","Stiratura permanente dei capelli","Non obbligatorio","Abilitati","Tutti","Abilitati","Abilitati","4595676",""
"Ritocco Microblading sopracciglia o labbra","100.00","1h","10m fascia oraria bloccata dopo","Default per location","","CIGLIA/SOPRACCIGLIA","Stiratura permanente dei capelli","Non obbligatorio","Disabilitato","","Abilitati","Abilitati","4595684",""
"Styling Sopracciglia","52.00","40m","10m fascia oraria bloccata dopo","Default per location","","CIGLIA/SOPRACCIGLIA","Stiratura permanente dei capelli","Non obbligatorio","Abilitati","Tutti","Abilitati","Abilitati","4595680",""
"Laminazione Ciglia","52.00","40m","10m fascia oraria bloccata dopo","Default per location","","CIGLIA/SOPRACCIGLIA","Stiratura permanente dei capelli","Non obbligatorio","Abilitati","Tutti","Abilitati","Abilitati","4595671",""
"Colorazione","12.00","10m","10m fascia oraria bloccata dopo","Default per location","","CIGLIA/SOPRACCIGLIA","Capelli Afro","Non obbligatorio","Abilitati","Tutti","Abilitati","Abilitati","8517072",""
"Sopracciglia","10.00","10m","10m fascia oraria bloccata dopo","Default per location","","CIGLIA/SOPRACCIGLIA","Extension ciglia","Non obbligatorio","Abilitati","Tutti","Abilitati","Abilitati","8517074",""
"Rimozione + Manicure + Semipermanente","32.00","1h","","Default per location","NO RIMOZIONE ALTRI LAVORI","MANICURE/PEDICURE","Manicure e pedicure","Non obbligatorio","Abilitati","Tutti","Abilitati","Abilitati","17943600",""
"Peeling","15.00","30m","","Default per location","","MANICURE/PEDICURE","Manicure e pedicure","Non obbligatorio","Abilitati","Tutti","Abilitati","Abilitati","10668536",""
"Semipermanente + Taglio Unghie","27.00","45m","","Default per location","NO RIMOZIONE ALTRI LAVORI","MANICURE/PEDICURE","Manicure e pedicure","Non obbligatorio","Disabilitato","","Abilitati","Abilitati","9293971",""
"Manicure","15.00","25m","","Default per location","","MANICURE/PEDICURE","Manicure e pedicure","Non obbligatorio","Abilitati","Tutti","Abilitati","Abilitati","4595591",""
"Pedicure Completo","30.00","40m","","Default per location","","MANICURE/PEDICURE","Manicure e pedicure","Non obbligatorio","Abilitati","Tutti","Abilitati","Abilitati","4595588",""
"Semipermanente","24.00","30m","10m fascia oraria bloccata dopo","Default per location","NO RIMOZIONE ALTRI LAVORI","MANICURE/PEDICURE","Manicure e pedicure","Non obbligatorio","Abilitati","Tutti","Abilitati","Abilitati","4595577",""
"Mani + Semipermanente","32.00","45m","","Default per location","NO RIMOZIONE ALTRI LAVORI","MANICURE/PEDICURE","Manicure e pedicure","Non obbligatorio","Abilitati","Tutti","Abilitati","Abilitati","4595582",""
"Pedicure + Semipermanente","45.00","50m","","Default per location","NO RIMOZIONE ALTRI LAVORI","MANICURE/PEDICURE","Gel unghie","Non obbligatorio","Abilitati","Tutti","Abilitati","Abilitati","4595583",""
"Rimozione + Semipermanente","24.00","40m","","Default per location","NO RIMOZIONE ALTRI LAVORI","MANICURE/PEDICURE","Manicure e pedicure","Non obbligatorio","Abilitati","Tutti","Abilitati","Abilitati","8517134",""
"Rimozione Semipermanente (no gel)","10.00","15m","10m fascia oraria bloccata dopo","Default per location","NO RIMOZIONE ALTRI LAVORI","MANICURE/PEDICURE","Manicure e pedicure","Non obbligatorio","Abilitati","Tutti","Abilitati","Abilitati","8517138",""
"Cambio smalto","7.00","10m","10m fascia oraria bloccata dopo","Default per location","","MANICURE/PEDICURE","Capelli Afro","Non obbligatorio","Abilitati","Tutti","Abilitati","Abilitati","8517144",""
"Guanto paraffina mani","15.00","30m","10m fascia oraria bloccata dopo","Default per location","","MANICURE/PEDICURE","Capelli Afro","Non obbligatorio","Abilitati","Tutti","Abilitati","Abilitati","8517148",""
"Guanto paraffina piedi","20.00","30m","10m fascia oraria bloccata dopo","Default per location","","MANICURE/PEDICURE","Capelli Afro","Non obbligatorio","Abilitati","Tutti","Abilitati","Abilitati","8517152",""
"Manicure + trattamento paraffina","27.00","1h","10m fascia oraria bloccata dopo","Default per location","","MANICURE/PEDICURE","Capelli Afro","Non obbligatorio","Abilitati","Tutti","Abilitati","Abilitati","8517161",""
"Pedicure Completo + trattamento paraffina","47.00","1h 10m","10m fascia oraria bloccata dopo","Default per location","","MANICURE/PEDICURE","Capelli Afro","Non obbligatorio","Abilitati","Tutti","Abilitati","Abilitati","8517171",""
"Massaggio schiena","25.00","20m","","Default per location","","MASSAGGI","Capelli Afro","Non obbligatorio","Abilitati","Tutti","Abilitati","Abilitati","8517182",""
"Massaggio Gambe","40.00","30m","","Default per location","","MASSAGGI","Stiratura permanente dei capelli","Non obbligatorio","Abilitati","Tutti","Abilitati","Abilitati","4595599",""
"Massaggio Anti-stress","55.00","50m","","Default per location","","MASSAGGI","Stiratura permanente dei capelli","Non obbligatorio","Abilitati","Tutti","Abilitati","Abilitati","4595603",""
"Massaggio Ayurvedico","55.00","50m","","Default per location","","MASSAGGI","Stiratura permanente dei capelli","Non obbligatorio","Abilitati","Tutti","Abilitati","Abilitati","4595601",""
"Radiofrequenza & Massaggio Gambe","100.00","1h","","Default per location","","TRATTAMENTI CORPO","Rimodellamento del corpo","Non obbligatorio","Abilitati","Tutti","Abilitati","Abilitati","19313436",""
"Scrub Burro e Nocciola","60.00","30m","","Default per location","","TRATTAMENTI CORPO","Scrub corpo","Non obbligatorio","Abilitati","Tutti","Abilitati","Abilitati","14048999",""
"Scrub Zucchero di Canna","40.00","30m","","Default per location","TRATTAMENTO DI RINNOVAMENTO CELLULARE","TRATTAMENTI CORPO","Scrub corpo","Non obbligatorio","Abilitati","Tutti","Abilitati","Abilitati","11225367",""
"Bendaggio modellante/riducente","62.00","30m","10m fascia oraria bloccata dopo","Default per location","","TRATTAMENTI CORPO","Capelli Afro","Non obbligatorio","Abilitati","Tutti","Abilitati","Abilitati","8517196",""
"Pressoterapia con bendaggio rassodante","59.00","30m","10m fascia oraria bloccata dopo","Default per location","","TRATTAMENTI CORPO","Capelli Afro","Richiesto","Abilitati","Tutti","Abilitati","Abilitati","8517203",""
"Slim 4","90.00","40m","","Default per location","","TRATTAMENTI CORPO","Capelli Afro","Non obbligatorio","Abilitati","Tutti","Abilitati","Abilitati","8517207",""
"Pressoterapia","22.00","30m","10m fascia oraria bloccata dopo","Default per location","","TRATTAMENTI CORPO","Stiratura permanente dei capelli","Richiesto","Abilitati","Tutti","Abilitati","Abilitati","4595626",""
"Radiofrequenza Corpo Rassodante","62.00","40m","","Default per location","","TRATTAMENTI CORPO","Stiratura permanente dei capelli","Non obbligatorio","Abilitati","Tutti","Abilitati","Abilitati","4595615",""
"Radiofrequenza + Extratone","60.00","45m","5m tempo di attesa dopo il trattamento","Default per location","","TRATTAMENTI VISO","Tonificazione della pelle","Non obbligatorio","Abilitati","Tutti","Abilitati","Abilitati","17674832",""
"Trattamento The Look","90.00","50m","","Default per location","","TRATTAMENTI VISO","Trattamento viso","Non obbligatorio","Abilitati","Tutti","Abilitati","Abilitati","13578285",""
"Carboxy","80.00","50m","","Default per location","ATTIVO, RIGENERANTE","TRATTAMENTI VISO","Trattamento viso","Non obbligatorio","Abilitati","Tutti","Abilitati","Abilitati","13200644",""
"Radiofrequenza + Pulizia Viso","75.00","50m","","Default per location","","TRATTAMENTI VISO","Tonificazione della pelle","Non obbligatorio","Disabilitato","","Abilitati","Abilitati","12199380",""
"Trattamento Idrossiacidi","62.00","50m","","Default per location","SCHIARENTE MACCHIE","TRATTAMENTI VISO","Trattamento viso","Non obbligatorio","Abilitati","Tutti","Abilitati","Abilitati","11528899",""
"Fili Biostimolanti","75.00","50m","","Default per location","apporta tonicita alla cute,ridefinendo l ovale del viso","TRATTAMENTI VISO","Filler dermici","Non obbligatorio","Abilitati","Tutti","Abilitati","Abilitati","11180992",""
"Pulizia Viso","45.00","50m","10m fascia oraria bloccata dopo","Default per location","","TRATTAMENTI VISO","Trattamento viso","Non obbligatorio","Abilitati","Tutti","Abilitati","Abilitati","4595560",""
"Trattamento Acido Glicolico","60.00","40m","10m fascia oraria bloccata dopo","Default per location","","TRATTAMENTI VISO","Peeling chimico","Non obbligatorio","Abilitati","Tutti","Abilitati","Abilitati","4595564",""
"Pulizia Viso Ragazzi","27.00","35m","10m fascia oraria bloccata dopo","Default per location","","TRATTAMENTI VISO","Trattamento viso","Non obbligatorio","Abilitati","Tutti","Abilitati","Abilitati","4595555",""
"Trattamento radiofrequenza","42.00","30m","10m fascia oraria bloccata dopo","Default per location","","TRATTAMENTI VISO","Tonificazione della pelle","Non obbligatorio","Abilitati","Tutti","Abilitati","Abilitati","8517234",""
"Trucco Giorno/Sera","35.00","30m","10m fascia oraria bloccata dopo","Default per location","","TRUCCO","Servizio trucco","Non obbligatorio","Abilitati","Tutti","Abilitati","Abilitati","4595694",""
""
